id,title,category,hashtags,thumbnail_concept,trend_score,estimated_views,difficulty,target_audience,key_topics,created_at
17,Comparing Coding and GPT in Future,comparison,#openai;#ainews;#aitools;#AI;#MachineLearning;#Tech;#Programming;#Tutorial,Battle-style confrontation design,23,311968,Medium,General tech audience,Gpt;Coding,2025-07-18T19:15:38.649518
27,Future Explained in Tutorial Minutes,explanation,#openai;#ainews;#aitools;#AI;#MachineLearning;#Tech;#Programming;#Tutorial,Step-by-step visual breakdown with AI/robot elements,21,138132,Hard,Learners/Students,Ai,2025-07-18T19:15:38.649796
41,The Science Behind Chatgpt,explanation,#chatgpt;#openai;#ainews;#aitools;#AI;#MachineLearning;#Tech;#Programming,Lightbulb moment with clear graphics with ChatGPT logo,20,184576,Hard,General tech audience,Chatgpt;Gpt,2025-07-18T19:15:38.650175
3,How to Build GPT in Automation Minutes,tutorial,#openai;#ainews;#aitools;#AI;#MachineLearning;#Tech;#Programming;#Tutorial,Hand typing on keyboard with code overlay,18,243997,Medium,Learners/Students,Gpt;Automation,2025-07-18T19:15:38.649065
14,The Future of Openai is Here,news,#openai;#ainews;#aitools;#AI;#MachineLearning;#Tech;#Programming;#Tutorial,Trending arrows and news ticker style with AI/robot elements,17,329234,Easy,General tech audience,Ai;Openai,2025-07-18T19:15:38.649391
23,The Future of Python is Here,news,#openai;#ainews;#aitools;#AI;#MachineLearning;#Tech;#Programming;#Tutorial,Breaking news style with bold red background with Python logo,15,310452,Easy,General tech audience,Python,2025-07-18T19:15:38.649682
39,Tutorial News This Week,news,#openai;#ainews;#aitools;#AI;#MachineLearning;#Tech;#Programming;#Tutorial,Trending arrows and news ticker style,15,324810,Easy,Learners/Students,,2025-07-18T19:15:38.650119
30,How to Build Programming in Ai Tools Minutes,tutorial,#openai;#ainews;#aitools;#AI;#MachineLearning;#Tech;#Programming;#Tutorial,Hand typing on keyboard with code overlay with AI/robot elements,14,204920,Medium,Learners/Students,Ai;Programming,2025-07-18T19:15:38.649880
31,Complete Explained Tutorial for Beginners,tutorial,#openai;#ainews;#aitools;#AI;#MachineLearning;#Tech;#Programming;#Tutorial,Hand typing on keyboard with code overlay with AI/robot elements,14,131250,Medium,Beginners,Ai,2025-07-18T19:15:38.649906
35,Coding or Tutorial? The Ultimate Guide,comparison,#openai;#ainews;#aitools;#AI;#MachineLearning;#Tech;#Programming;#Tutorial,Split-screen VS layout with logos,14,133050,Medium,Learners/Students,Coding,2025-07-18T19:15:38.650016
44,Why Deep Learning Will Dominate Tutorial,prediction,#openai;#ainews;#aitools;#AI;#MachineLearning;#Tech;#Programming;#Tutorial,Calendar with highlighted future dates,14,323607,Hard,Learners/Students,Deep Learning,2025-07-18T19:15:38.650257
48,How to Build Machine Learning in Beginner Minutes,tutorial,#openai;#ainews;#aitools;#AI;#MachineLearning;#Tech;#Programming;#Tutorial,Split-screen showing before/after code results,14,212898,Medium,Beginners,Machine Learning,2025-07-18T19:15:38.650365
50,Python vs Openai: Which is Better?,comparison,#openai;#ainews;#aitools;#AI;#MachineLearning;#Tech;#Programming;#Tutorial,Battle-style confrontation design with AI/robot elements,14,117591,Medium,General tech audience,Ai;Openai;Python,2025-07-18T19:15:38.650421
1,Why Ai News Beats Gemini Every Time,comparison,#openai;#ainews;#aitools;#AI;#MachineLearning;#Tech;#Programming;#Tutorial,Split-screen VS layout with logos with AI/robot elements,13,129587,Medium,AI enthusiasts,Ai,2025-07-18T19:15:38.648965
15,Coding or Future? The Ultimate Guide,comparison,#openai;#ainews;#aitools;#AI;#MachineLearning;#Tech;#Programming;#Tutorial,Split-screen VS layout with logos,13,208394,Medium,General tech audience,Coding,2025-07-18T19:15:38.649419
9,The Truth About Future vs Beginner,comparison,#openai;#ainews;#aitools;#AI;#MachineLearning;#Tech;#Programming;#Tutorial,Battle-style confrontation design,11,258503,Medium,Beginners,,2025-07-18T19:15:38.649247
11,How Future Will Change Automation,prediction,#openai;#ainews;#aitools;#AI;#MachineLearning;#Tech;#Programming;#Tutorial,Timeline with future milestones,11,286982,Medium,General tech audience,Automation,2025-07-18T19:15:38.649307
2,Master Artificial Intelligence in Python Steps,tutorial,#openai;#ainews;#aitools;#AI;#MachineLearning;#Tech;#Programming;#Tutorial,Hand typing on keyboard with code overlay with Python logo,10,242203,Medium,General tech audience,Artificial Intelligence;Python,2025-07-18T19:15:38.649026
13,Ai Tools or How To? The Ultimate Guide,comparison,#openai;#ainews;#aitools;#AI;#MachineLearning;#Tech;#Programming;#Tutorial,Pros and cons visual comparison with AI/robot elements,10,223418,Medium,Learners/Students,Ai,2025-07-18T19:15:38.649364
16,What's Next for GPT?,prediction,#openai;#ainews;#aitools;#AI;#MachineLearning;#Tech;#Programming;#Tutorial,Calendar with highlighted future dates,10,361909,Medium,General tech audience,Gpt,2025-07-18T19:15:38.649483
29,I Tested Openai for Explained Days,review,#openai;#ainews;#aitools;#AI;#MachineLearning;#Tech;#Programming;#Tutorial,Honest review with serious expression with AI/robot elements,10,97184,Easy,General tech audience,Ai;Openai,2025-07-18T19:15:38.649851
49,How Python Will Change Coding,prediction,#openai;#ainews;#aitools;#AI;#MachineLearning;#Tech;#Programming;#Tutorial,Calendar with highlighted future dates with Python logo,10,190556,Medium,General tech audience,Python;Coding,2025-07-18T19:15:38.650393
32,Latest Artificial Intelligence Updates You Need to Know,news,#openai;#ainews;#aitools;#AI;#MachineLearning;#Tech;#Programming;#Tutorial,Professional news anchor setup,9,280292,Easy,AI enthusiasts,Artificial Intelligence,2025-07-18T19:15:38.649934
36,Artificial Intelligence News This Week,news,#openai;#ainews;#aitools;#AI;#MachineLearning;#Tech;#Programming;#Tutorial,Trending arrows and news ticker style,9,151813,Easy,AI enthusiasts,Artificial Intelligence,2025-07-18T19:15:38.650043
7,The Science Behind Openai,explanation,#openai;#ainews;#aitools;#AI;#MachineLearning;#Tech;#Programming;#Tutorial,Teacher-style whiteboard explanation with AI/robot elements,8,119139,Hard,General tech audience,Ai;Openai,2025-07-18T19:15:38.649187
8,Honest How To Review After Explained Months,review,#openai;#ainews;#aitools;#AI;#MachineLearning;#Tech;#Programming;#Tutorial,Thumbs up/down with product image with AI/robot elements,8,78912,Easy,Learners/Students,Ai,2025-07-18T19:15:38.649218
25,The Truth About Artificial Intelligence vs Deep Learning,comparison,#openai;#ainews;#aitools;#AI;#MachineLearning;#Tech;#Programming;#Tutorial,Pros and cons visual comparison,8,236859,Hard,General tech audience,Artificial Intelligence;Deep Learning,2025-07-18T19:15:38.649740
26,What is Openai? Everything You Need to Know,explanation,#openai;#ainews;#aitools;#AI;#MachineLearning;#Tech;#Programming;#Tutorial,Complex diagram simplified with arrows with AI/robot elements,8,91566,Hard,General tech audience,Ai;Openai,2025-07-18T19:15:38.649767
28,The Truth About Openai,review,#openai;#ainews;#aitools;#AI;#MachineLearning;#Tech;#Programming;#Tutorial,Product with star ratings overlay with AI/robot elements,8,61694,Easy,General tech audience,Ai;Openai,2025-07-18T19:15:38.649822
34,Artificial Intelligence or Coding? The Ultimate Guide,comparison,#openai;#ainews;#aitools;#AI;#MachineLearning;#Tech;#Programming;#Tutorial,Battle-style confrontation design,8,226674,Medium,General tech audience,Artificial Intelligence;Coding,2025-07-18T19:15:38.649988
20,Latest Natural Language Processing Updates You Need to Know,news,#openai;#ainews;#aitools;#AI;#MachineLearning;#Tech;#Programming;#Tutorial,Professional news anchor setup,7,267054,Easy,AI enthusiasts,,2025-07-18T19:15:38.649605
38,Latest NLP Updates You Need to Know,news,#openai;#ainews;#aitools;#AI;#MachineLearning;#Tech;#Programming;#Tutorial,Professional news anchor setup,7,285791,Easy,AI enthusiasts,Nlp,2025-07-18T19:15:38.650095
10,The Truth About Deep Learning vs Automation,comparison,#openai;#ainews;#aitools;#AI;#MachineLearning;#Tech;#Programming;#Tutorial,Two products side by side with checkmarks,6,164714,Hard,General tech audience,Deep Learning;Automation,2025-07-18T19:15:38.649278
19,Why How To is Trending Now,news,#openai;#ainews;#aitools;#AI;#MachineLearning;#Tech;#Programming;#Tutorial,Breaking news style with bold red background,6,249337,Easy,Learners/Students,,2025-07-18T19:15:38.649576
42,The Truth About How To,review,#openai;#ainews;#aitools;#AI;#MachineLearning;#Tech;#Programming;#Tutorial,Product with star ratings overlay,6,54119,Easy,Learners/Students,,2025-07-18T19:15:38.650201
5,Breaking: Programming Changes Everything,news,#openai;#ainews;#aitools;#AI;#MachineLearning;#Tech;#Programming;#Tutorial,Tech headlines with shocked expression,4,195922,Easy,General tech audience,Programming,2025-07-18T19:15:38.649126
18,The Science Behind Artificial Intelligence,explanation,#openai;#ainews;#aitools;#AI;#MachineLearning;#Tech;#Programming;#Tutorial,Lightbulb moment with clear graphics,4,102693,Hard,General tech audience,Artificial Intelligence,2025-07-18T19:15:38.649549
21,Breaking: Programming Changes Everything,news,#openai;#ainews;#aitools;#AI;#MachineLearning;#Tech;#Programming;#Tutorial,Professional news anchor setup,4,191656,Easy,General tech audience,Programming,2025-07-18T19:15:38.649632
22,Why Gemini is Trending Now,news,#openai;#ainews;#aitools;#AI;#MachineLearning;#Tech;#Programming;#Tutorial,Tech headlines with shocked expression,4,145107,Easy,General tech audience,,2025-07-18T19:15:38.649656
24,NLP Explained Simply,tutorial,#openai;#ainews;#aitools;#AI;#MachineLearning;#Tech;#Programming;#Tutorial,Hand typing on keyboard with code overlay with AI/robot elements,4,89010,Medium,General tech audience,Ai;Nlp,2025-07-18T19:15:38.649707
43,The Science Behind Ai Tools,explanation,#openai;#ainews;#aitools;#AI;#MachineLearning;#Tech;#Programming;#Tutorial,Lightbulb moment with clear graphics with AI/robot elements,4,141631,Hard,General tech audience,Ai,2025-07-18T19:15:38.650227
46,The Truth About Coding,review,#openai;#ainews;#aitools;#AI;#MachineLearning;#Tech;#Programming;#Tutorial,Product with star ratings overlay,4,80893,Easy,General tech audience,Coding,2025-07-18T19:15:38.650308
47,The Science Behind Artificial Intelligence,explanation,#openai;#ainews;#aitools;#AI;#MachineLearning;#Tech;#Programming;#Tutorial,Lightbulb moment with clear graphics,4,66709,Hard,General tech audience,Artificial Intelligence,2025-07-18T19:15:38.650336
4,Understanding Beginner Once and For All,explanation,#openai;#ainews;#aitools;#AI;#MachineLearning;#Tech;#Programming;#Tutorial,Complex diagram simplified with arrows,2,143005,Hard,Beginners,,2025-07-18T19:15:38.649096
6,Natural Language Processing Deep Dive Review,review,#openai;#ainews;#aitools;#AI;#MachineLearning;#Tech;#Programming;#Tutorial,Product with star ratings overlay,2,140892,Medium,Potential buyers,,2025-07-18T19:15:38.649157
12,Breaking: NLP Changes Everything,news,#openai;#ainews;#aitools;#AI;#MachineLearning;#Tech;#Programming;#Tutorial,Trending arrows and news ticker style,2,172386,Easy,General tech audience,Nlp,2025-07-18T19:15:38.649334
33,Breaking: Beginner Changes Everything,news,#openai;#ainews;#aitools;#AI;#MachineLearning;#Tech;#Programming;#Tutorial,Trending arrows and news ticker style,2,200049,Easy,Beginners,,2025-07-18T19:15:38.649959
37,Breaking: Automation Changes Everything,news,#openai;#ainews;#aitools;#AI;#MachineLearning;#Tech;#Programming;#Tutorial,Breaking news style with bold red background,2,130091,Easy,General tech audience,Automation,2025-07-18T19:15:38.650069
40,Breaking: Natural Language Processing Changes Everything,news,#openai;#ainews;#aitools;#AI;#MachineLearning;#Tech;#Programming;#Tutorial,Tech headlines with shocked expression,2,257950,Easy,General tech audience,,2025-07-18T19:15:38.650147
45,Explained Explained Simply,tutorial,#openai;#ainews;#aitools;#AI;#MachineLearning;#Tech;#Programming;#Tutorial,Person pointing at code on a large screen with AI/robot elements,2,105995,Medium,General tech audience,Ai,2025-07-18T19:15:38.650283
