id,title,category,script,hashtags,thumbnail_concept,estimated_duration,word_count,key_points,call_to_action,created_at
1,Comparing Coding and GPT in Future,comparison,"
Hey everyone! Today we're settling the debate once and for all: Comparing Coding and GPT in Future

This is one of the most requested comparisons I've gotten, so let's break it down systematically.

First, let me give you a quick overview of both options...

Now, let's compare them across several key criteria:

Performance:
Let me show you some real-world tests...

Ease of Use:
From a user experience perspective...

Cost:
Here's the pricing breakdown...

Features:
Let's look at what each one offers...

Use Cases:
When would you choose one over the other?

Based on all of this testing and analysis, here's my verdict...

The winner depends on your specific needs. If you're looking for X, go with option A. If you need Y, option B is your best bet.

What's your experience been with these tools? Drop a comment and let me know which one you prefer and why.

Don't forget to like this video if it helped you make a decision, and subscribe for more tech comparisons and reviews.

See you next time!
",#openai;#ainews;#aitools;#AI;#MachineLearning;#Tech;#Programming;#Tutorial,Battle-style confrontation design,1-2 minutes,173,"First, let me give you a quick overview of both options...",Which option do you prefer? Let me know in the comments!,2025-07-18T19:15:38.650581
2,Future Explained in Tutorial Minutes,explanation,"
Have you ever wondered about future explained in tutorial minutes? Today we're going to break it down in simple terms that anyone can understand.

Welcome back to the channel where we make complex technology accessible to everyone. If you're new here, subscribe for more explanations like this.

Let's start with the basics. What exactly is...?

To understand this better, let's use an analogy...

Now, here's where it gets interesting...

The key components are...

Here's how it all works together...

But why does this matter? Well...

The real-world applications are incredible...

Some common misconceptions people have are...

Looking toward the future...

I hope this explanation helped clarify things for you. If you have any questions, drop them in the comments and I'll do my best to answer them.

Like this video if you learned something new, and subscribe for more deep dives into technology and AI.

Thanks for watching!
",#openai;#ainews;#aitools;#AI;#MachineLearning;#Tech;#Programming;#Tutorial,Step-by-step visual breakdown with AI/robot elements,< 1 minute,148,The key components are,Did this help clarify the concept for you? Ask any questions below!,2025-07-18T19:15:38.650663
3,The Science Behind Chatgpt,explanation,"
Have you ever wondered about the science behind chatgpt? Today we're going to break it down in simple terms that anyone can understand.

Welcome back to the channel where we make complex technology accessible to everyone. If you're new here, subscribe for more explanations like this.

Let's start with the basics. What exactly is...?

To understand this better, let's use an analogy...

Now, here's where it gets interesting...

The key components are...

Here's how it all works together...

But why does this matter? Well...

The real-world applications are incredible...

Some common misconceptions people have are...

Looking toward the future...

I hope this explanation helped clarify things for you. If you have any questions, drop them in the comments and I'll do my best to answer them.

Like this video if you learned something new, and subscribe for more deep dives into technology and AI.

Thanks for watching!
",#chatgpt;#openai;#ainews;#aitools;#AI;#MachineLearning;#Tech;#Programming,Lightbulb moment with clear graphics with ChatGPT logo,< 1 minute,147,The key components are,Did this help clarify the concept for you? Ask any questions below!,2025-07-18T19:15:38.650723
4,How to Build GPT in Automation Minutes,tutorial,"
Welcome back to the channel! Today we're going to how to build gpt in automation minutes.

If you're new here, I'm your host and I help people master AI and technology. Make sure to subscribe and hit the notification bell for more content like this.

Let's dive right in. In this tutorial, I'll walk you through everything step by step.

First, let me show you what we're building today. [SHOW DEMO]

Now, let's break this down into manageable steps:

Step 1: Setting Up Your Environment
Before we begin, you'll need to have the following installed...

Step 2: Understanding the Basics
Let me explain the core concepts we'll be using...

Step 3: Implementation
Now let's start coding. I'll explain each line as we go...

Step 4: Testing and Debugging
Let's run our code and see what happens...

Step 5: Optimization and Best Practices
Here are some ways to improve and optimize what we've built...

And that's it! You've successfully completed this tutorial. 

If you found this helpful, please give it a thumbs up and subscribe for more AI tutorials. Drop a comment below if you have any questions or if there's something specific you'd like me to cover next.

Thanks for watching, and I'll see you in the next video!
",#openai;#ainews;#aitools;#AI;#MachineLearning;#Tech;#Programming;#Tutorial,Hand typing on keyboard with code overlay,1-2 minutes,209,"First, let me show you what we're building today. [SHOW DEMO];Step 1: Setting Up Your Environment;Step 2: Understanding the Basics;Step 3: Implementation;Step 4: Testing and Debugging",Try building this yourself and share your results in the comments!,2025-07-18T19:15:38.650763
5,The Future of Openai is Here,news,"
What's up everyone! Today I have some incredible news to share with you about the future of openai is here.

Before we jump in, make sure you're subscribed because AI news moves fast and you don't want to miss anything important.

So here's what happened...

This is huge for several reasons. First, it means...

Second, this could completely change how we...

But here's what really caught my attention...

Now, you might be wondering what this means for you. Well...

Looking at the broader implications, this could lead to...

Industry experts are saying...

My take on this is...

What do you think about this development? Let me know in the comments below. Are you excited about this? Concerned? I want to hear your thoughts.

If you enjoyed this breakdown, hit that like button and subscribe for more AI news and analysis. I'll be covering more developments as they happen.

Thanks for watching, and I'll catch you in the next one!
",#openai;#ainews;#aitools;#AI;#MachineLearning;#Tech;#Programming;#Tutorial,Trending arrows and news ticker style with AI/robot elements,1-2 minutes,159,"Second, this could completely change how we...",What do you think about this development? Share your thoughts below!,2025-07-18T19:15:38.650793
6,The Future of Python is Here,news,"
What's up everyone! Today I have some incredible news to share with you about the future of python is here.

Before we jump in, make sure you're subscribed because AI news moves fast and you don't want to miss anything important.

So here's what happened...

This is huge for several reasons. First, it means...

Second, this could completely change how we...

But here's what really caught my attention...

Now, you might be wondering what this means for you. Well...

Looking at the broader implications, this could lead to...

Industry experts are saying...

My take on this is...

What do you think about this development? Let me know in the comments below. Are you excited about this? Concerned? I want to hear your thoughts.

If you enjoyed this breakdown, hit that like button and subscribe for more AI news and analysis. I'll be covering more developments as they happen.

Thanks for watching, and I'll catch you in the next one!
",#openai;#ainews;#aitools;#AI;#MachineLearning;#Tech;#Programming;#Tutorial,Breaking news style with bold red background with Python logo,1-2 minutes,159,"Second, this could completely change how we...",What do you think about this development? Share your thoughts below!,2025-07-18T19:15:38.650820
7,Tutorial News This Week,news,"
What's up everyone! Today I have some incredible news to share with you about tutorial news this week.

Before we jump in, make sure you're subscribed because AI news moves fast and you don't want to miss anything important.

So here's what happened...

This is huge for several reasons. First, it means...

Second, this could completely change how we...

But here's what really caught my attention...

Now, you might be wondering what this means for you. Well...

Looking at the broader implications, this could lead to...

Industry experts are saying...

My take on this is...

What do you think about this development? Let me know in the comments below. Are you excited about this? Concerned? I want to hear your thoughts.

If you enjoyed this breakdown, hit that like button and subscribe for more AI news and analysis. I'll be covering more developments as they happen.

Thanks for watching, and I'll catch you in the next one!
",#openai;#ainews;#aitools;#AI;#MachineLearning;#Tech;#Programming;#Tutorial,Trending arrows and news ticker style,1-2 minutes,157,"Second, this could completely change how we...",What do you think about this development? Share your thoughts below!,2025-07-18T19:15:38.650848
8,How to Build Programming in Ai Tools Minutes,tutorial,"
Welcome back to the channel! Today we're going to how to build programming in ai tools minutes.

If you're new here, I'm your host and I help people master AI and technology. Make sure to subscribe and hit the notification bell for more content like this.

Let's dive right in. In this tutorial, I'll walk you through everything step by step.

First, let me show you what we're building today. [SHOW DEMO]

Now, let's break this down into manageable steps:

Step 1: Setting Up Your Environment
Before we begin, you'll need to have the following installed...

Step 2: Understanding the Basics
Let me explain the core concepts we'll be using...

Step 3: Implementation
Now let's start coding. I'll explain each line as we go...

Step 4: Testing and Debugging
Let's run our code and see what happens...

Step 5: Optimization and Best Practices
Here are some ways to improve and optimize what we've built...

And that's it! You've successfully completed this tutorial. 

If you found this helpful, please give it a thumbs up and subscribe for more AI tutorials. Drop a comment below if you have any questions or if there's something specific you'd like me to cover next.

Thanks for watching, and I'll see you in the next video!
",#openai;#ainews;#aitools;#AI;#MachineLearning;#Tech;#Programming;#Tutorial,Hand typing on keyboard with code overlay with AI/robot elements,1-2 minutes,210,"First, let me show you what we're building today. [SHOW DEMO];Step 1: Setting Up Your Environment;Step 2: Understanding the Basics;Step 3: Implementation;Step 4: Testing and Debugging",Try building this yourself and share your results in the comments!,2025-07-18T19:15:38.650882
9,Complete Explained Tutorial for Beginners,tutorial,"
Welcome back to the channel! Today we're going to complete explained tutorial for beginners.

If you're new here, I'm your host and I help people master AI and technology. Make sure to subscribe and hit the notification bell for more content like this.

Let's dive right in. In this tutorial, I'll walk you through everything step by step.

First, let me show you what we're building today. [SHOW DEMO]

Now, let's break this down into manageable steps:

Step 1: Setting Up Your Environment
Before we begin, you'll need to have the following installed...

Step 2: Understanding the Basics
Let me explain the core concepts we'll be using...

Step 3: Implementation
Now let's start coding. I'll explain each line as we go...

Step 4: Testing and Debugging
Let's run our code and see what happens...

Step 5: Optimization and Best Practices
Here are some ways to improve and optimize what we've built...

And that's it! You've successfully completed this tutorial. 

If you found this helpful, please give it a thumbs up and subscribe for more AI tutorials. Drop a comment below if you have any questions or if there's something specific you'd like me to cover next.

Thanks for watching, and I'll see you in the next video!
",#openai;#ainews;#aitools;#AI;#MachineLearning;#Tech;#Programming;#Tutorial,Hand typing on keyboard with code overlay with AI/robot elements,1-2 minutes,207,"First, let me show you what we're building today. [SHOW DEMO];Step 1: Setting Up Your Environment;Step 2: Understanding the Basics;Step 3: Implementation;Step 4: Testing and Debugging",Try building this yourself and share your results in the comments!,2025-07-18T19:15:38.650914
10,Coding or Tutorial? The Ultimate Guide,comparison,"
Hey everyone! Today we're settling the debate once and for all: Coding or Tutorial? The Ultimate Guide

This is one of the most requested comparisons I've gotten, so let's break it down systematically.

First, let me give you a quick overview of both options...

Now, let's compare them across several key criteria:

Performance:
Let me show you some real-world tests...

Ease of Use:
From a user experience perspective...

Cost:
Here's the pricing breakdown...

Features:
Let's look at what each one offers...

Use Cases:
When would you choose one over the other?

Based on all of this testing and analysis, here's my verdict...

The winner depends on your specific needs. If you're looking for X, go with option A. If you need Y, option B is your best bet.

What's your experience been with these tools? Drop a comment and let me know which one you prefer and why.

Don't forget to like this video if it helped you make a decision, and subscribe for more tech comparisons and reviews.

See you next time!
",#openai;#ainews;#aitools;#AI;#MachineLearning;#Tech;#Programming;#Tutorial,Split-screen VS layout with logos,1-2 minutes,173,"First, let me give you a quick overview of both options...",Which option do you prefer? Let me know in the comments!,2025-07-18T19:15:38.650947
11,Why Deep Learning Will Dominate Tutorial,prediction,"
What if I told you that why deep learning will dominate tutorial? 

Today we're looking into the future and I'm going to share some predictions that might surprise you.

Make sure you're subscribed because predicting the future of AI is what we do here, and you don't want to miss what's coming next.

Based on current trends and developments, here's what I see happening...

The evidence for this prediction comes from several sources...

Major companies are already positioning themselves for this shift...

The timeline I'm predicting is...

Here are the key indicators to watch for...

Now, this could go a few different ways...

Scenario 1: If everything goes as expected...

Scenario 2: If there are major breakthroughs...

Scenario 3: If we hit unexpected obstacles...

What does this mean for you? How should you prepare?

My advice is...

Remember, these are predictions based on current data and trends. The future is never certain, but being prepared gives you an advantage.

What do you think? Do you agree with my predictions? Share your thoughts in the comments.

Hit like if you enjoy these future-focused videos, and subscribe for more AI predictions and analysis.

Until next time, keep looking forward!
",#openai;#ainews;#aitools;#AI;#MachineLearning;#Tech;#Programming;#Tutorial,Calendar with highlighted future dates,1-2 minutes,197,Here are the key indicators to watch for,Do you agree with my predictions? Share your thoughts!,2025-07-18T19:15:38.651016
12,How to Build Machine Learning in Beginner Minutes,tutorial,"
Welcome back to the channel! Today we're going to how to build machine learning in beginner minutes.

If you're new here, I'm your host and I help people master AI and technology. Make sure to subscribe and hit the notification bell for more content like this.

Let's dive right in. In this tutorial, I'll walk you through everything step by step.

First, let me show you what we're building today. [SHOW DEMO]

Now, let's break this down into manageable steps:

Step 1: Setting Up Your Environment
Before we begin, you'll need to have the following installed...

Step 2: Understanding the Basics
Let me explain the core concepts we'll be using...

Step 3: Implementation
Now let's start coding. I'll explain each line as we go...

Step 4: Testing and Debugging
Let's run our code and see what happens...

Step 5: Optimization and Best Practices
Here are some ways to improve and optimize what we've built...

And that's it! You've successfully completed this tutorial. 

If you found this helpful, please give it a thumbs up and subscribe for more AI tutorials. Drop a comment below if you have any questions or if there's something specific you'd like me to cover next.

Thanks for watching, and I'll see you in the next video!
",#openai;#ainews;#aitools;#AI;#MachineLearning;#Tech;#Programming;#Tutorial,Split-screen showing before/after code results,1-2 minutes,210,"First, let me show you what we're building today. [SHOW DEMO];Step 1: Setting Up Your Environment;Step 2: Understanding the Basics;Step 3: Implementation;Step 4: Testing and Debugging",Try building this yourself and share your results in the comments!,2025-07-18T19:15:38.651049
13,Python vs Openai: Which is Better?,comparison,"
Hey everyone! Today we're settling the debate once and for all: Python vs Openai: Which is Better?

This is one of the most requested comparisons I've gotten, so let's break it down systematically.

First, let me give you a quick overview of both options...

Now, let's compare them across several key criteria:

Performance:
Let me show you some real-world tests...

Ease of Use:
From a user experience perspective...

Cost:
Here's the pricing breakdown...

Features:
Let's look at what each one offers...

Use Cases:
When would you choose one over the other?

Based on all of this testing and analysis, here's my verdict...

The winner depends on your specific needs. If you're looking for X, go with option A. If you need Y, option B is your best bet.

What's your experience been with these tools? Drop a comment and let me know which one you prefer and why.

Don't forget to like this video if it helped you make a decision, and subscribe for more tech comparisons and reviews.

See you next time!
",#openai;#ainews;#aitools;#AI;#MachineLearning;#Tech;#Programming;#Tutorial,Battle-style confrontation design with AI/robot elements,1-2 minutes,173,"First, let me give you a quick overview of both options...",Which option do you prefer? Let me know in the comments!,2025-07-18T19:15:38.651080
14,Why Ai News Beats Gemini Every Time,comparison,"
Hey everyone! Today we're settling the debate once and for all: Why Ai News Beats Gemini Every Time

This is one of the most requested comparisons I've gotten, so let's break it down systematically.

First, let me give you a quick overview of both options...

Now, let's compare them across several key criteria:

Performance:
Let me show you some real-world tests...

Ease of Use:
From a user experience perspective...

Cost:
Here's the pricing breakdown...

Features:
Let's look at what each one offers...

Use Cases:
When would you choose one over the other?

Based on all of this testing and analysis, here's my verdict...

The winner depends on your specific needs. If you're looking for X, go with option A. If you need Y, option B is your best bet.

What's your experience been with these tools? Drop a comment and let me know which one you prefer and why.

Don't forget to like this video if it helped you make a decision, and subscribe for more tech comparisons and reviews.

See you next time!
",#openai;#ainews;#aitools;#AI;#MachineLearning;#Tech;#Programming;#Tutorial,Split-screen VS layout with logos with AI/robot elements,1-2 minutes,174,"First, let me give you a quick overview of both options...",Which option do you prefer? Let me know in the comments!,2025-07-18T19:15:38.651111
15,Coding or Future? The Ultimate Guide,comparison,"
Hey everyone! Today we're settling the debate once and for all: Coding or Future? The Ultimate Guide

This is one of the most requested comparisons I've gotten, so let's break it down systematically.

First, let me give you a quick overview of both options...

Now, let's compare them across several key criteria:

Performance:
Let me show you some real-world tests...

Ease of Use:
From a user experience perspective...

Cost:
Here's the pricing breakdown...

Features:
Let's look at what each one offers...

Use Cases:
When would you choose one over the other?

Based on all of this testing and analysis, here's my verdict...

The winner depends on your specific needs. If you're looking for X, go with option A. If you need Y, option B is your best bet.

What's your experience been with these tools? Drop a comment and let me know which one you prefer and why.

Don't forget to like this video if it helped you make a decision, and subscribe for more tech comparisons and reviews.

See you next time!
",#openai;#ainews;#aitools;#AI;#MachineLearning;#Tech;#Programming;#Tutorial,Split-screen VS layout with logos,1-2 minutes,173,"First, let me give you a quick overview of both options...",Which option do you prefer? Let me know in the comments!,2025-07-18T19:15:38.651140
16,The Truth About Future vs Beginner,comparison,"
Hey everyone! Today we're settling the debate once and for all: The Truth About Future vs Beginner

This is one of the most requested comparisons I've gotten, so let's break it down systematically.

First, let me give you a quick overview of both options...

Now, let's compare them across several key criteria:

Performance:
Let me show you some real-world tests...

Ease of Use:
From a user experience perspective...

Cost:
Here's the pricing breakdown...

Features:
Let's look at what each one offers...

Use Cases:
When would you choose one over the other?

Based on all of this testing and analysis, here's my verdict...

The winner depends on your specific needs. If you're looking for X, go with option A. If you need Y, option B is your best bet.

What's your experience been with these tools? Drop a comment and let me know which one you prefer and why.

Don't forget to like this video if it helped you make a decision, and subscribe for more tech comparisons and reviews.

See you next time!
",#openai;#ainews;#aitools;#AI;#MachineLearning;#Tech;#Programming;#Tutorial,Battle-style confrontation design,1-2 minutes,173,"First, let me give you a quick overview of both options...",Which option do you prefer? Let me know in the comments!,2025-07-18T19:15:38.651170
17,How Future Will Change Automation,prediction,"
What if I told you that how future will change automation? 

Today we're looking into the future and I'm going to share some predictions that might surprise you.

Make sure you're subscribed because predicting the future of AI is what we do here, and you don't want to miss what's coming next.

Based on current trends and developments, here's what I see happening...

The evidence for this prediction comes from several sources...

Major companies are already positioning themselves for this shift...

The timeline I'm predicting is...

Here are the key indicators to watch for...

Now, this could go a few different ways...

Scenario 1: If everything goes as expected...

Scenario 2: If there are major breakthroughs...

Scenario 3: If we hit unexpected obstacles...

What does this mean for you? How should you prepare?

My advice is...

Remember, these are predictions based on current data and trends. The future is never certain, but being prepared gives you an advantage.

What do you think? Do you agree with my predictions? Share your thoughts in the comments.

Hit like if you enjoy these future-focused videos, and subscribe for more AI predictions and analysis.

Until next time, keep looking forward!
",#openai;#ainews;#aitools;#AI;#MachineLearning;#Tech;#Programming;#Tutorial,Timeline with future milestones,1-2 minutes,196,Here are the key indicators to watch for,Do you agree with my predictions? Share your thoughts!,2025-07-18T19:15:38.651235
18,Master Artificial Intelligence in Python Steps,tutorial,"
Welcome back to the channel! Today we're going to master artificial intelligence in python steps.

If you're new here, I'm your host and I help people master AI and technology. Make sure to subscribe and hit the notification bell for more content like this.

Let's dive right in. In this tutorial, I'll walk you through everything step by step.

First, let me show you what we're building today. [SHOW DEMO]

Now, let's break this down into manageable steps:

Step 1: Setting Up Your Environment
Before we begin, you'll need to have the following installed...

Step 2: Understanding the Basics
Let me explain the core concepts we'll be using...

Step 3: Implementation
Now let's start coding. I'll explain each line as we go...

Step 4: Testing and Debugging
Let's run our code and see what happens...

Step 5: Optimization and Best Practices
Here are some ways to improve and optimize what we've built...

And that's it! You've successfully completed this tutorial. 

If you found this helpful, please give it a thumbs up and subscribe for more AI tutorials. Drop a comment below if you have any questions or if there's something specific you'd like me to cover next.

Thanks for watching, and I'll see you in the next video!
",#openai;#ainews;#aitools;#AI;#MachineLearning;#Tech;#Programming;#Tutorial,Hand typing on keyboard with code overlay with Python logo,1-2 minutes,208,"First, let me show you what we're building today. [SHOW DEMO];Step 1: Setting Up Your Environment;Step 2: Understanding the Basics;Step 3: Implementation;Step 4: Testing and Debugging",Try building this yourself and share your results in the comments!,2025-07-18T19:15:38.651268
19,Ai Tools or How To? The Ultimate Guide,comparison,"
Hey everyone! Today we're settling the debate once and for all: Ai Tools or How To? The Ultimate Guide

This is one of the most requested comparisons I've gotten, so let's break it down systematically.

First, let me give you a quick overview of both options...

Now, let's compare them across several key criteria:

Performance:
Let me show you some real-world tests...

Ease of Use:
From a user experience perspective...

Cost:
Here's the pricing breakdown...

Features:
Let's look at what each one offers...

Use Cases:
When would you choose one over the other?

Based on all of this testing and analysis, here's my verdict...

The winner depends on your specific needs. If you're looking for X, go with option A. If you need Y, option B is your best bet.

What's your experience been with these tools? Drop a comment and let me know which one you prefer and why.

Don't forget to like this video if it helped you make a decision, and subscribe for more tech comparisons and reviews.

See you next time!
",#openai;#ainews;#aitools;#AI;#MachineLearning;#Tech;#Programming;#Tutorial,Pros and cons visual comparison with AI/robot elements,1-2 minutes,175,"First, let me give you a quick overview of both options...",Which option do you prefer? Let me know in the comments!,2025-07-18T19:15:38.651299
20,What's Next for GPT?,prediction,"
What if I told you that what's next for gpt?? 

Today we're looking into the future and I'm going to share some predictions that might surprise you.

Make sure you're subscribed because predicting the future of AI is what we do here, and you don't want to miss what's coming next.

Based on current trends and developments, here's what I see happening...

The evidence for this prediction comes from several sources...

Major companies are already positioning themselves for this shift...

The timeline I'm predicting is...

Here are the key indicators to watch for...

Now, this could go a few different ways...

Scenario 1: If everything goes as expected...

Scenario 2: If there are major breakthroughs...

Scenario 3: If we hit unexpected obstacles...

What does this mean for you? How should you prepare?

My advice is...

Remember, these are predictions based on current data and trends. The future is never certain, but being prepared gives you an advantage.

What do you think? Do you agree with my predictions? Share your thoughts in the comments.

Hit like if you enjoy these future-focused videos, and subscribe for more AI predictions and analysis.

Until next time, keep looking forward!
",#openai;#ainews;#aitools;#AI;#MachineLearning;#Tech;#Programming;#Tutorial,Calendar with highlighted future dates,1-2 minutes,195,Here are the key indicators to watch for,Do you agree with my predictions? Share your thoughts!,2025-07-18T19:15:38.651362
21,I Tested Openai for Explained Days,review,"
I've been using this for weeks now, and today I'm giving you my honest review of i tested openai for explained days.

Before we start, quick reminder to subscribe if you want more honest tech reviews without the hype.

First impressions when I started using this...

Here's what I love about it...

But here's what frustrated me...

Let me show you how it performs in real-world scenarios...

[DEMO/SCREEN RECORDING]

Pricing and value for money...

How does it compare to alternatives?

Who is this really for?

My final verdict...

Pros:
- [List key advantages]

Cons:
- [List main drawbacks]

Overall rating: X out of 10

Would I recommend it? Here's my take...

That's my honest review. What questions do you have? Drop them in the comments and I'll answer them.

If this review helped you make a decision, please like and subscribe for more honest tech reviews.

Thanks for watching!
",#openai;#ainews;#aitools;#AI;#MachineLearning;#Tech;#Programming;#Tutorial,Honest review with serious expression with AI/robot elements,< 1 minute,149,"Pros:
- [List key advantages]

Cons:
- [List main drawbacks]

Overall rating: X out of 10

Would I recommend it? Here's my take",Are you planning to try this? Let me know what you think!,2025-07-18T19:15:38.651417
22,How Python Will Change Coding,prediction,"
What if I told you that how python will change coding? 

Today we're looking into the future and I'm going to share some predictions that might surprise you.

Make sure you're subscribed because predicting the future of AI is what we do here, and you don't want to miss what's coming next.

Based on current trends and developments, here's what I see happening...

The evidence for this prediction comes from several sources...

Major companies are already positioning themselves for this shift...

The timeline I'm predicting is...

Here are the key indicators to watch for...

Now, this could go a few different ways...

Scenario 1: If everything goes as expected...

Scenario 2: If there are major breakthroughs...

Scenario 3: If we hit unexpected obstacles...

What does this mean for you? How should you prepare?

My advice is...

Remember, these are predictions based on current data and trends. The future is never certain, but being prepared gives you an advantage.

What do you think? Do you agree with my predictions? Share your thoughts in the comments.

Hit like if you enjoy these future-focused videos, and subscribe for more AI predictions and analysis.

Until next time, keep looking forward!
",#openai;#ainews;#aitools;#AI;#MachineLearning;#Tech;#Programming;#Tutorial,Calendar with highlighted future dates with Python logo,1-2 minutes,196,Here are the key indicators to watch for,Do you agree with my predictions? Share your thoughts!,2025-07-18T19:15:38.651496
23,Latest Artificial Intelligence Updates You Need to Know,news,"
What's up everyone! Today I have some incredible news to share with you about latest artificial intelligence updates you need to know.

Before we jump in, make sure you're subscribed because AI news moves fast and you don't want to miss anything important.

So here's what happened...

This is huge for several reasons. First, it means...

Second, this could completely change how we...

But here's what really caught my attention...

Now, you might be wondering what this means for you. Well...

Looking at the broader implications, this could lead to...

Industry experts are saying...

My take on this is...

What do you think about this development? Let me know in the comments below. Are you excited about this? Concerned? I want to hear your thoughts.

If you enjoyed this breakdown, hit that like button and subscribe for more AI news and analysis. I'll be covering more developments as they happen.

Thanks for watching, and I'll catch you in the next one!
",#openai;#ainews;#aitools;#AI;#MachineLearning;#Tech;#Programming;#Tutorial,Professional news anchor setup,1-2 minutes,161,"Second, this could completely change how we...",What do you think about this development? Share your thoughts below!,2025-07-18T19:15:38.651525
24,Artificial Intelligence News This Week,news,"
What's up everyone! Today I have some incredible news to share with you about artificial intelligence news this week.

Before we jump in, make sure you're subscribed because AI news moves fast and you don't want to miss anything important.

So here's what happened...

This is huge for several reasons. First, it means...

Second, this could completely change how we...

But here's what really caught my attention...

Now, you might be wondering what this means for you. Well...

Looking at the broader implications, this could lead to...

Industry experts are saying...

My take on this is...

What do you think about this development? Let me know in the comments below. Are you excited about this? Concerned? I want to hear your thoughts.

If you enjoyed this breakdown, hit that like button and subscribe for more AI news and analysis. I'll be covering more developments as they happen.

Thanks for watching, and I'll catch you in the next one!
",#openai;#ainews;#aitools;#AI;#MachineLearning;#Tech;#Programming;#Tutorial,Trending arrows and news ticker style,1-2 minutes,158,"Second, this could completely change how we...",What do you think about this development? Share your thoughts below!,2025-07-18T19:15:38.651553
25,The Science Behind Openai,explanation,"
Have you ever wondered about the science behind openai? Today we're going to break it down in simple terms that anyone can understand.

Welcome back to the channel where we make complex technology accessible to everyone. If you're new here, subscribe for more explanations like this.

Let's start with the basics. What exactly is...?

To understand this better, let's use an analogy...

Now, here's where it gets interesting...

The key components are...

Here's how it all works together...

But why does this matter? Well...

The real-world applications are incredible...

Some common misconceptions people have are...

Looking toward the future...

I hope this explanation helped clarify things for you. If you have any questions, drop them in the comments and I'll do my best to answer them.

Like this video if you learned something new, and subscribe for more deep dives into technology and AI.

Thanks for watching!
",#openai;#ainews;#aitools;#AI;#MachineLearning;#Tech;#Programming;#Tutorial,Teacher-style whiteboard explanation with AI/robot elements,< 1 minute,147,The key components are,Did this help clarify the concept for you? Ask any questions below!,2025-07-18T19:15:38.651608
